{
  "$schema": "https://go.kicad.org/pcm/schemas/v1",
  "name": "impart GUI for KiCad",
  "description": "Import library files from Octopart, Samacsys, Ultralibrarian and Snapeda",
  "description_full": "Import library files from Octopart, Samacsys, Ultralibrarian and Snapeda.\n For usage and correct setup please read the Readme: \n https://github.com/Steffen-W/Import-LIB-KiCad-Plugin#use-of-the-application",
  "identifier": "com.github.Steffen-W.impartGUI",
  "type": "plugin",
  "author": {
    "name": "Steffen Wittemeier",
    "contact": {
      "github": "https://github.com/Steffen-W"
    }
  },
  "maintainer": {
    "name": "Steffen Wittemeier",
    "contact": {
      "github": "https://github.com/Steffen-W"
    }
  },
  "license": "GPL-3.0",
  "resources": {
    "homepage": "https://github.com/Steffen-W/Import-LIB-KiCad-Plugin"
  },
  "tags": [
    "import",
    "library",
    "octopart",
    "samacsys",
    "ultralibrarian",
    "snapeda"
  ],
  "keep_on_update": [
    ".*/config.ini"
  ],
  "versions": [
    {
      "version": "2024.04.08",
      "status": "stable",
      "kicad_version": "6.00"
    }
  ]
}
